<code_scheme name="BE Solutions copy" version="173">
  <option name="OTHER_INDENT_OPTIONS">
    <value>
      <option name="USE_TAB_CHARACTER" value="true" />
    </value>
  </option>
  <option name="ENABLE_SECOND_REFORMAT" value="true" />
  <CssCodeStyleSettings>
    <option name="BLANK_LINES_BETWEEN_BLOCKS" value="0" />
  </CssCodeStyleSettings>
  <HTMLCodeStyleSettings>
    <option name="HTML_ATTRIBUTE_WRAP" value="0" />
    <option name="HTML_TEXT_WRAP" value="0" />
    <option name="HTML_KEEP_LINE_BREAKS" value="false" />
  </HTMLCodeStyleSettings>
  <PHPCodeStyleSettings>
    <option name="ALIGN_KEY_VALUE_PAIRS" value="true" />
    <option name="ALIGN_ASSIGNMENTS" value="true" />
    <option name="PHPDOC_BLANK_LINE_BEFORE_TAGS" value="true" />
    <option name="PHPDOC_BLANK_LINES_AROUND_PARAMETERS" value="true" />
    <option name="PHPDOC_WRAP_LONG_LINES" value="true" />
    <option name="UPPER_CASE_BOOLEAN_CONST" value="true" />
    <option name="UPPER_CASE_NULL_CONST" value="true" />
    <option name="ELSE_IF_STYLE" value="COMBINE" />
    <option name="VARIABLE_NAMING_STYLE" value="SNAKE_CASE" />
    <option name="BLANK_LINES_BEFORE_RETURN_STATEMENT" value="1" />
    <option name="KEEP_RPAREN_AND_LBRACE_ON_ONE_LINE" value="true" />
    <option name="BLANK_LINES_AROUND_CONSTANTS" value="1" />
    <option name="FORCE_SHORT_DECLARATION_ARRAY_STYLE" value="true" />
    <option name="SPACE_AROUND_ASSIGNMENT_IN_DECLARE" value="true" />
    <option name="RETURN_TYPE_ON_NEW_LINE" value="true" />
    <option name="PHPDOC_USE_FQCN" value="true" />
  </PHPCodeStyleSettings>
  <ScssCodeStyleSettings>
    <option name="HEX_COLOR_UPPER_CASE" value="true" />
    <option name="HEX_COLOR_LONG_FORMAT" value="true" />
  </ScssCodeStyleSettings>
  <XML>
    <option name="XML_ATTRIBUTE_WRAP" value="0" />
  </XML>
  <editorconfig>
    <option name="ENABLED" value="false" />
  </editorconfig>
  <codeStyleSettings language="CSS">
    <option name="BLOCK_COMMENT_ADD_SPACE" value="true" />
    <option name="KEEP_BLANK_LINES_IN_CODE" value="1" />
    <indentOptions>
      <option name="INDENT_SIZE" value="2" />
      <option name="CONTINUATION_INDENT_SIZE" value="1" />
      <option name="TAB_SIZE" value="2" />
      <option name="KEEP_INDENTS_ON_EMPTY_LINES" value="true" />
    </indentOptions>
  </codeStyleSettings>
  <codeStyleSettings language="JavaScript">
    <option name="RIGHT_MARGIN" value="80" />
    <option name="ELSE_ON_NEW_LINE" value="true" />
    <option name="CATCH_ON_NEW_LINE" value="true" />
    <option name="FINALLY_ON_NEW_LINE" value="true" />
    <option name="WRAP_COMMENTS" value="true" />
    <option name="IF_BRACE_FORCE" value="3" />
    <option name="DOWHILE_BRACE_FORCE" value="3" />
    <option name="WHILE_BRACE_FORCE" value="3" />
    <option name="FOR_BRACE_FORCE" value="3" />
  </codeStyleSettings>
  <codeStyleSettings language="PHP">
    <option name="RIGHT_MARGIN" value="100" />
    <option name="KEEP_FIRST_COLUMN_COMMENT" value="false" />
    <option name="KEEP_CONTROL_STATEMENT_IN_ONE_LINE" value="false" />
    <option name="BLANK_LINES_AFTER_PACKAGE" value="1" />
    <option name="BLANK_LINES_AFTER_CLASS_HEADER" value="1" />
    <option name="CLASS_BRACE_STYLE" value="1" />
    <option name="METHOD_BRACE_STYLE" value="1" />
    <option name="SPECIAL_ELSE_IF_TREATMENT" value="true" />
    <option name="ALIGN_MULTILINE_CHAINED_METHODS" value="true" />
    <option name="ALIGN_MULTILINE_PARAMETERS" value="false" />
    <option name="ALIGN_MULTILINE_FOR" value="false" />
    <option name="ALIGN_MULTILINE_BINARY_OPERATION" value="true" />
    <option name="SPACE_AROUND_UNARY_OPERATOR" value="true" />
    <option name="SPACE_AFTER_TYPE_CAST" value="true" />
    <option name="SPACE_BEFORE_CLASS_LBRACE" value="false" />
    <option name="SPACE_BEFORE_METHOD_LBRACE" value="false" />
    <option name="SPACE_BEFORE_IF_LBRACE" value="false" />
    <option name="SPACE_BEFORE_ELSE_LBRACE" value="false" />
    <option name="SPACE_BEFORE_WHILE_LBRACE" value="false" />
    <option name="SPACE_BEFORE_FOR_LBRACE" value="false" />
    <option name="SPACE_BEFORE_DO_LBRACE" value="false" />
    <option name="SPACE_BEFORE_SWITCH_LBRACE" value="false" />
    <option name="SPACE_BEFORE_TRY_LBRACE" value="false" />
    <option name="SPACE_BEFORE_CATCH_LBRACE" value="false" />
    <option name="SPACE_BEFORE_FINALLY_LBRACE" value="false" />
    <option name="SPACE_BEFORE_ELSE_KEYWORD" value="false" />
    <option name="SPACE_BEFORE_WHILE_KEYWORD" value="false" />
    <option name="SPACE_BEFORE_CATCH_KEYWORD" value="false" />
    <option name="SPACE_BEFORE_FINALLY_KEYWORD" value="false" />
    <option name="CALL_PARAMETERS_WRAP" value="1" />
    <option name="METHOD_PARAMETERS_WRAP" value="5" />
    <option name="METHOD_PARAMETERS_LPAREN_ON_NEXT_LINE" value="true" />
    <option name="METHOD_CALL_CHAIN_WRAP" value="5" />
    <option name="PARENTHESES_EXPRESSION_RPAREN_WRAP" value="true" />
    <option name="KEEP_SIMPLE_METHODS_IN_ONE_LINE" value="true" />
    <option name="FOR_STATEMENT_LPAREN_ON_NEXT_LINE" value="true" />
    <option name="IF_BRACE_FORCE" value="3" />
    <option name="DOWHILE_BRACE_FORCE" value="3" />
    <option name="WHILE_BRACE_FORCE" value="3" />
    <option name="FOR_BRACE_FORCE" value="3" />
    <option name="WRAP_ON_TYPING" value="0" />
    <indentOptions>
      <option name="USE_TAB_CHARACTER" value="true" />
      <option name="SMART_TABS" value="true" />
    </indentOptions>
  </codeStyleSettings>
  <codeStyleSettings language="SASS">
    <indentOptions>
      <option name="INDENT_SIZE" value="4" />
    </indentOptions>
  </codeStyleSettings>
  <codeStyleSettings language="SCSS">
    <indentOptions>
      <option name="INDENT_SIZE" value="4" />
    </indentOptions>
  </codeStyleSettings>
</code_scheme>