<profile version="1.0">
  <option name="myName" value="BE PHP - Code Review Profile" />
  <inspection_tool class="AmdModulesDependencies" enabled="false" level="WEAK WARNING" enabled_by_default="false" />
  <inspection_tool class="AngularCliAddDependency" enabled="false" level="WARNING" enabled_by_default="false" />
  <inspection_tool class="Annotator" enabled="false" level="ERROR" enabled_by_default="false" />
  <inspection_tool class="BadExpressionStatementJS" enabled="false" level="WARNING" enabled_by_default="false" />
  <inspection_tool class="BladeControlDirectives" enabled="false" level="WARNING" enabled_by_default="false" />
  <inspection_tool class="CallerJS" enabled="false" level="WARNING" enabled_by_default="false" />
  <inspection_tool class="CheckDtdRefs" enabled="false" level="ERROR" enabled_by_default="false" />
  <inspection_tool class="CheckEmptyScriptTag" enabled="false" level="WARNING" enabled_by_default="false" />
  <inspection_tool class="CheckImageSize" enabled="false" level="WARNING" enabled_by_default="false" />
  <inspection_tool class="CheckNodeTest" enabled="false" level="WARNING" enabled_by_default="false" />
  <inspection_tool class="CheckTagEmptyBody" enabled="false" level="WARNING" enabled_by_default="false" />
  <inspection_tool class="CheckValidXmlInScriptTagBody" enabled="false" level="ERROR" enabled_by_default="false" />
  <inspection_tool class="CheckXmlFileWithXercesValidator" enabled="false" level="ERROR" enabled_by_default="false" />
  <inspection_tool class="CoffeeScriptArgumentsOutsideFunction" enabled="false" level="WARNING" enabled_by_default="false" />
  <inspection_tool class="CoffeeScriptFunctionSignatures" enabled="false" level="WEAK WARNING" enabled_by_default="false" />
  <inspection_tool class="CoffeeScriptInfiniteLoop" enabled="false" level="WARNING" enabled_by_default="false" />
  <inspection_tool class="CoffeeScriptLiteralNotFunction" enabled="false" level="ERROR" enabled_by_default="false" />
  <inspection_tool class="CoffeeScriptModulesDependencies" enabled="false" level="WEAK WARNING" enabled_by_default="false" />
  <inspection_tool class="CoffeeScriptSillyAssignment" enabled="false" level="WARNING" enabled_by_default="false" />
  <inspection_tool class="CoffeeScriptSwitchStatementWithNoDefaultBranch" enabled="false" level="WARNING" enabled_by_default="false" />
  <inspection_tool class="CoffeeScriptUnusedLocalSymbols" enabled="false" level="WARNING" enabled_by_default="false" />
  <inspection_tool class="CommaExpressionJS" enabled="false" level="WARNING" enabled_by_default="false" />
  <inspection_tool class="ComposeUnknownKeys" enabled="false" level="ERROR" enabled_by_default="false" />
  <inspection_tool class="ComposeUnknownValues" enabled="false" level="ERROR" enabled_by_default="false" />
  <inspection_tool class="ConstantConditionalExpressionJS" enabled="false" level="WARNING" enabled_by_default="false" />
  <inspection_tool class="ConstantIfStatementJS" enabled="false" level="WARNING" enabled_by_default="false" />
  <inspection_tool class="ContinueOrBreakFromFinallyBlockJS" enabled="false" level="WARNING" enabled_by_default="false" />
  <inspection_tool class="CssFloatPxLength" enabled="false" level="WEAK WARNING" enabled_by_default="false" />
  <inspection_tool class="CssInvalidAtRule" enabled="false" level="ERROR" enabled_by_default="false" />
  <inspection_tool class="CssInvalidCharsetRule" enabled="false" level="WARNING" enabled_by_default="false" />
  <inspection_tool class="CssInvalidElement" enabled="false" level="ERROR" enabled_by_default="false" />
  <inspection_tool class="CssInvalidFunction" enabled="false" level="ERROR" enabled_by_default="false" />
  <inspection_tool class="CssInvalidHtmlTagReference" enabled="false" level="WARNING" enabled_by_default="false" />
  <inspection_tool class="CssInvalidImport" enabled="false" level="WARNING" enabled_by_default="false" />
  <inspection_tool class="CssInvalidMediaFeature" enabled="false" level="ERROR" enabled_by_default="false" />
  <inspection_tool class="CssInvalidPropertyValue" enabled="false" level="ERROR" enabled_by_default="false" />
  <inspection_tool class="CssInvalidPseudoSelector" enabled="false" level="ERROR" enabled_by_default="false" />
  <inspection_tool class="CssMissingComma" enabled="false" level="WARNING" enabled_by_default="false" />
  <inspection_tool class="CssNegativeValue" enabled="false" level="ERROR" enabled_by_default="false" />
  <inspection_tool class="CssNoGenericFontName" enabled="false" level="WARNING" enabled_by_default="false" />
  <inspection_tool class="CssOverwrittenProperties" enabled="false" level="WARNING" enabled_by_default="false" />
  <inspection_tool class="CssRedundantUnit" enabled="false" level="WARNING" enabled_by_default="false" />
  <inspection_tool class="CssReplaceWithShorthandSafely" enabled="false" level="WEAK WARNING" enabled_by_default="false" />
  <inspection_tool class="CssReplaceWithShorthandUnsafely" enabled="false" level="INFORMATION" enabled_by_default="false" />
  <inspection_tool class="CssUnitlessNumber" enabled="false" level="WARNING" enabled_by_default="false" />
  <inspection_tool class="CssUnknownProperty" enabled="false" level="WARNING" enabled_by_default="false">
    <option name="myCustomPropertiesEnabled" value="false" />
    <option name="myIgnoreVendorSpecificProperties" value="false" />
    <option name="myCustomPropertiesList">
      <value>
        <list size="0" />
      </value>
    </option>
  </inspection_tool>
  <inspection_tool class="CssUnknownTarget" enabled="false" level="ERROR" enabled_by_default="false" />
  <inspection_tool class="CssUnresolvedClass" enabled="false" level="ERROR" enabled_by_default="false" />
  <inspection_tool class="CssUnresolvedCustomProperty" enabled="false" level="ERROR" enabled_by_default="false" />
  <inspection_tool class="CssUnresolvedCustomPropertySet" enabled="false" level="ERROR" enabled_by_default="false" />
  <inspection_tool class="CssUnusedSymbol" enabled="false" level="WARNING" enabled_by_default="false" />
  <inspection_tool class="CsvValidation" enabled="false" level="WARNING" enabled_by_default="false" />
  <inspection_tool class="CucumberExamplesColon" enabled="false" level="ERROR" enabled_by_default="false" />
  <inspection_tool class="CucumberMissedExamples" enabled="false" level="ERROR" enabled_by_default="false" />
  <inspection_tool class="CucumberTableInspection" enabled="false" level="WARNING" enabled_by_default="false" />
  <inspection_tool class="CucumberUndefinedStep" enabled="false" level="WARNING" enabled_by_default="false" />
  <inspection_tool class="DockerFileAddOrCopySemantic" enabled="false" level="WARNING" enabled_by_default="false" />
  <inspection_tool class="DockerFileArgumentCount" enabled="false" level="ERROR" enabled_by_default="false" />
  <inspection_tool class="DockerFileAssignments" enabled="false" level="ERROR" enabled_by_default="false" />
  <inspection_tool class="DuplicateCaseLabelJS" enabled="false" level="WARNING" enabled_by_default="false" />
  <inspection_tool class="DuplicateKeyInSection" enabled="false" level="WARNING" enabled_by_default="false" />
  <inspection_tool class="DuplicateSectionInFile" enabled="false" level="WARNING" enabled_by_default="false" />
  <inspection_tool class="ES6BindWithArrowFunction" enabled="false" level="WARNING" enabled_by_default="false" />
  <inspection_tool class="ES6CheckImport" enabled="false" level="WEAK WARNING" enabled_by_default="false" />
  <inspection_tool class="ES6ClassMemberInitializationOrder" enabled="false" level="WARNING" enabled_by_default="false" />
  <inspection_tool class="ES6ConvertModuleExportToExport" enabled="false" level="INFORMATION" enabled_by_default="false" />
  <inspection_tool class="ES6ConvertRequireIntoImport" enabled="false" level="INFORMATION" enabled_by_default="false" />
  <inspection_tool class="ES6ConvertToForOf" enabled="false" level="INFORMATION" enabled_by_default="false" />
  <inspection_tool class="ES6ConvertVarToLetConst" enabled="false" level="WEAK WARNING" enabled_by_default="false" />
  <inspection_tool class="ES6MissingAwait" enabled="false" level="INFORMATION" enabled_by_default="false" />
  <inspection_tool class="ES6ModulesDependencies" enabled="false" level="WEAK WARNING" enabled_by_default="false" />
  <inspection_tool class="ES6PossiblyAsyncFunction" enabled="false" level="WEAK WARNING" enabled_by_default="false" />
  <inspection_tool class="ES6ShorthandObjectProperty" enabled="false" level="INFORMATION" enabled_by_default="false" />
  <inspection_tool class="ES6UnusedImports" enabled="false" level="WARNING" enabled_by_default="false" />
  <inspection_tool class="EmptyEventHandler" enabled="false" level="WARNING" enabled_by_default="false" />
  <inspection_tool class="EmptyStatementBodyJS" enabled="false" level="WARNING" enabled_by_default="false">
    <option name="m_reportEmptyBlocks" value="false" />
  </inspection_tool>
  <inspection_tool class="ExceptionCaughtLocallyJS" enabled="false" level="WARNING" enabled_by_default="false" />
  <inspection_tool class="FallThroughInSwitchStatementJS" enabled="false" level="WARNING" enabled_by_default="false" />
  <inspection_tool class="FileHeaderInspection" enabled="false" level="WEAK WARNING" enabled_by_default="false" />
  <inspection_tool class="FlowJSConfig" enabled="false" level="WARNING" enabled_by_default="false" />
  <inspection_tool class="FlowJSFlagCommentPlacement" enabled="false" level="WARNING" enabled_by_default="false" />
  <inspection_tool class="GherkinBrokenTableInspection" enabled="false" level="ERROR" enabled_by_default="false" />
  <inspection_tool class="GherkinMisplacedBackground" enabled="false" level="ERROR" enabled_by_default="false" />
  <inspection_tool class="GherkinScenarioToScenarioOutline" enabled="false" level="ERROR" enabled_by_default="false" />
  <inspection_tool class="HamlNestedTagContent" enabled="false" level="WARNING" enabled_by_default="false" />
  <inspection_tool class="HardwiredNamespacePrefix" enabled="false" level="WARNING" enabled_by_default="false" />
  <inspection_tool class="HtmlDeprecatedTag" enabled="false" level="WARNING" enabled_by_default="false" />
  <inspection_tool class="HtmlExtraClosingTag" enabled="false" level="WARNING" enabled_by_default="false" />
  <inspection_tool class="HtmlFormInputWithoutLabel" enabled="false" level="WARNING" enabled_by_default="false" />
  <inspection_tool class="HtmlMissingClosingTag" enabled="false" level="INFORMATION" enabled_by_default="false" />
  <inspection_tool class="HtmlRequiredAltAttribute" enabled="false" level="WARNING" enabled_by_default="false" />
  <inspection_tool class="HtmlRequiredLangAttribute" enabled="false" level="WARNING" enabled_by_default="false" />
  <inspection_tool class="HtmlRequiredTitleElement" enabled="false" level="WARNING" enabled_by_default="false" />
  <inspection_tool class="HtmlUnknownAnchorTarget" enabled="false" level="WARNING" enabled_by_default="false" />
  <inspection_tool class="HtmlUnknownAttribute" enabled="false" level="WARNING" enabled_by_default="false">
    <option name="myValues">
      <value>
        <list size="0" />
      </value>
    </option>
    <option name="myCustomValuesEnabled" value="true" />
  </inspection_tool>
  <inspection_tool class="HtmlUnknownBooleanAttribute" enabled="false" level="WARNING" enabled_by_default="false" />
  <inspection_tool class="HtmlUnknownTag" enabled="false" level="WARNING" enabled_by_default="false">
    <option name="myValues">
      <value>
        <list size="6">
          <item index="0" class="java.lang.String" itemvalue="nobr" />
          <item index="1" class="java.lang.String" itemvalue="noembed" />
          <item index="2" class="java.lang.String" itemvalue="comment" />
          <item index="3" class="java.lang.String" itemvalue="noscript" />
          <item index="4" class="java.lang.String" itemvalue="embed" />
          <item index="5" class="java.lang.String" itemvalue="script" />
        </list>
      </value>
    </option>
    <option name="myCustomValuesEnabled" value="true" />
  </inspection_tool>
  <inspection_tool class="HtmlUnknownTarget" enabled="false" level="WARNING" enabled_by_default="false" />
  <inspection_tool class="IgnoreCoverEntry" enabled="false" level="WARNING" enabled_by_default="false" />
  <inspection_tool class="IgnoreDuplicateEntry" enabled="false" level="ERROR" enabled_by_default="false" />
  <inspection_tool class="IgnoreIncorrectEntry" enabled="false" level="ERROR" enabled_by_default="false" />
  <inspection_tool class="IgnoreRelativeEntry" enabled="false" level="ERROR" enabled_by_default="false" />
  <inspection_tool class="IgnoreSyntaxEntry" enabled="false" level="ERROR" enabled_by_default="false" />
  <inspection_tool class="IgnoreUnusedEntry" enabled="false" level="UNUSED ENTRY" enabled_by_default="false" />
  <inspection_tool class="ImplicitTypeConversion" enabled="false" level="WARNING" enabled_by_default="false">
    <option name="BITS" value="1720" />
    <option name="FLAG_EXPLICIT_CONVERSION" value="true" />
    <option name="IGNORE_NODESET_TO_BOOLEAN_VIA_STRING" value="true" />
  </inspection_tool>
  <inspection_tool class="IncompatibleMaskJS" enabled="false" level="WARNING" enabled_by_default="false" />
  <inspection_tool class="IndexZeroUsage" enabled="false" level="WARNING" enabled_by_default="false" />
  <inspection_tool class="InfiniteLoopJS" enabled="false" level="WARNING" enabled_by_default="false" />
  <inspection_tool class="InfiniteRecursionJS" enabled="false" level="WARNING" enabled_by_default="false" />
  <inspection_tool class="InjectedReferences" enabled="false" level="ERROR" enabled_by_default="false" />
  <inspection_tool class="JSAccessibilityCheck" enabled="false" level="WARNING" enabled_by_default="false" />
  <inspection_tool class="JSAnnotator" enabled="false" level="ERROR" enabled_by_default="false" />
  <inspection_tool class="JSArrowFunctionBracesCanBeRemoved" enabled="false" level="INFORMATION" enabled_by_default="false" />
  <inspection_tool class="JSAssignmentUsedAsCondition" enabled="false" level="WARNING" enabled_by_default="false" />
  <inspection_tool class="JSBitwiseOperatorUsage" enabled="false" level="WARNING" enabled_by_default="false" />
  <inspection_tool class="JSCheckFunctionSignatures" enabled="false" level="WEAK WARNING" enabled_by_default="false" />
  <inspection_tool class="JSClosureCompilerSyntax" enabled="false" level="WARNING" enabled_by_default="false" />
  <inspection_tool class="JSCommentMatchesSignature" enabled="false" level="WARNING" enabled_by_default="false" />
  <inspection_tool class="JSComparisonWithNaN" enabled="false" level="WARNING" enabled_by_default="false" />
  <inspection_tool class="JSConsecutiveCommasInArrayLiteral" enabled="false" level="WARNING" enabled_by_default="false" />
  <inspection_tool class="JSConstructorReturnsPrimitive" enabled="false" level="WARNING" enabled_by_default="false" />
  <inspection_tool class="JSDeprecatedSymbols" enabled="false" level="WEAK WARNING" enabled_by_default="false" />
  <inspection_tool class="JSDuplicatedDeclaration" enabled="false" level="WARNING" enabled_by_default="false" />
  <inspection_tool class="JSEqualityComparisonWithCoercion" enabled="false" level="WARNING" enabled_by_default="false" />
  <inspection_tool class="JSFileReferences" enabled="false" level="WARNING" enabled_by_default="false" />
  <inspection_tool class="JSFunctionExpressionToArrowFunction" enabled="false" level="INFORMATION" enabled_by_default="false" />
  <inspection_tool class="JSIgnoredPromiseFromCall" enabled="false" level="WEAK WARNING" enabled_by_default="false" />
  <inspection_tool class="JSJQueryEfficiency" enabled="false" level="WARNING" enabled_by_default="false" />
  <inspection_tool class="JSLastCommaInArrayLiteral" enabled="false" level="WARNING" enabled_by_default="false" />
  <inspection_tool class="JSLastCommaInObjectLiteral" enabled="false" level="WARNING" enabled_by_default="false" />
  <inspection_tool class="JSMethodCanBeStatic" enabled="false" level="WARNING" enabled_by_default="false" />
  <inspection_tool class="JSMismatchedCollectionQueryUpdate" enabled="false" level="WARNING" enabled_by_default="false">
    <option name="queries" value="trace,write,forEach,length" />
    <option name="updates" value="pop,push,shift,splice,unshift,add,insert,remove" />
  </inspection_tool>
  <inspection_tool class="JSNonASCIINames" enabled="false" level="WARNING" enabled_by_default="false" />
  <inspection_tool class="JSObjectNullOrUndefined" enabled="false" level="WARNING" enabled_by_default="false" />
  <inspection_tool class="JSPotentiallyInvalidConstructorUsage" enabled="false" level="WARNING" enabled_by_default="false">
    <option name="myConsiderUppercaseFunctionsToBeConstructors" value="true" />
  </inspection_tool>
  <inspection_tool class="JSPotentiallyInvalidTargetOfIndexedPropertyAccess" enabled="false" level="WARNING" enabled_by_default="false" />
  <inspection_tool class="JSPotentiallyInvalidUsageOfClassThis" enabled="false" level="WARNING" enabled_by_default="false" />
  <inspection_tool class="JSPotentiallyInvalidUsageOfThis" enabled="false" level="WARNING" enabled_by_default="false" />
  <inspection_tool class="JSPrimitiveTypeWrapperUsage" enabled="false" level="WARNING" enabled_by_default="false" />
  <inspection_tool class="JSRedeclarationOfBlockScope" enabled="false" level="ERROR" enabled_by_default="false" />
  <inspection_tool class="JSReferencingArgumentsOutsideOfFunction" enabled="false" level="ERROR" enabled_by_default="false" />
  <inspection_tool class="JSReferencingMutableVariableFromClosure" enabled="false" level="WARNING" enabled_by_default="false" />
  <inspection_tool class="JSRemoveUnnecessaryParentheses" enabled="false" level="INFORMATION" enabled_by_default="false" />
  <inspection_tool class="JSStringConcatenationToES6Template" enabled="false" level="INFORMATION" enabled_by_default="false" />
  <inspection_tool class="JSSuspiciousNameCombination" enabled="false" level="WARNING" enabled_by_default="false">
    <group names="x,width,left,right" />
    <group names="y,height,top,bottom" />
    <exclude classes="Math" />
  </inspection_tool>
  <inspection_tool class="JSTypeOfValues" enabled="false" level="WARNING" enabled_by_default="false" />
  <inspection_tool class="JSUndeclaredVariable" enabled="false" level="WEAK WARNING" enabled_by_default="false" />
  <inspection_tool class="JSUndefinedPropertyAssignment" enabled="false" level="WEAK WARNING" enabled_by_default="false" />
  <inspection_tool class="JSUnfilteredForInLoop" enabled="false" level="WARNING" enabled_by_default="false" />
  <inspection_tool class="JSUnnecessarySemicolon" enabled="false" level="WARNING" enabled_by_default="false" />
  <inspection_tool class="JSUnresolvedExtXType" enabled="false" level="WARNING" enabled_by_default="false" />
  <inspection_tool class="JSUnresolvedFunction" enabled="false" level="WEAK WARNING" enabled_by_default="false" />
  <inspection_tool class="JSUnresolvedLibraryURL" enabled="false" level="WARNING" enabled_by_default="false" />
  <inspection_tool class="JSUnresolvedVariable" enabled="false" level="WEAK WARNING" enabled_by_default="false" />
  <inspection_tool class="JSUnusedAssignment" enabled="false" level="WARNING" enabled_by_default="false" />
  <inspection_tool class="JSUnusedGlobalSymbols" enabled="false" level="WARNING" enabled_by_default="false" />
  <inspection_tool class="JSUnusedLocalSymbols" enabled="false" level="WARNING" enabled_by_default="false" />
  <inspection_tool class="JSValidateJSDoc" enabled="false" level="WARNING" enabled_by_default="false" />
  <inspection_tool class="JSValidateTypes" enabled="false" level="WEAK WARNING" enabled_by_default="false" />
  <inspection_tool class="JSXNamespaceValidation" enabled="false" level="WEAK WARNING" enabled_by_default="false" />
  <inspection_tool class="Json5StandardCompliance" enabled="false" level="ERROR" enabled_by_default="false" />
  <inspection_tool class="JsonDuplicatePropertyKeys" enabled="false" level="WARNING" enabled_by_default="false" />
  <inspection_tool class="JsonSchemaCompliance" enabled="false" level="WARNING" enabled_by_default="false" />
  <inspection_tool class="JsonSchemaRefReference" enabled="false" level="WARNING" enabled_by_default="false" />
  <inspection_tool class="JsonStandardCompliance" enabled="false" level="ERROR" enabled_by_default="false" />
  <inspection_tool class="LessResolvedByNameOnly" enabled="false" level="WEAK WARNING" enabled_by_default="false" />
  <inspection_tool class="LessUnresolvedMixin" enabled="false" level="WARNING" enabled_by_default="false" />
  <inspection_tool class="LessUnresolvedVariable" enabled="false" level="WARNING" enabled_by_default="false" />
  <inspection_tool class="LoopStatementThatDoesntLoopJS" enabled="false" level="WARNING" enabled_by_default="false" />
  <inspection_tool class="LossyEncoding" enabled="false" level="WARNING" enabled_by_default="false" />
  <inspection_tool class="MarkdownUnresolvedFileReference" enabled="false" level="WARNING" enabled_by_default="false" />
  <inspection_tool class="MissingSinceTagDocInspection" enabled="false" level="WEAK WARNING" enabled_by_default="false" />
  <inspection_tool class="MysqlParsingInspection" enabled="false" level="WARNING" enabled_by_default="false" />
  <inspection_tool class="NodeJsCodingAssistanceForCoreModules" enabled="false" level="WARNING" enabled_by_default="false" />
  <inspection_tool class="NodeModulesDependencies" enabled="false" level="WEAK WARNING" enabled_by_default="false" />
  <inspection_tool class="NonAsciiCharacters" enabled="false" level="WARNING" enabled_by_default="false" />
  <inspection_tool class="NpmUsedModulesInstalled" enabled="false" level="WEAK WARNING" enabled_by_default="false" />
  <inspection_tool class="OctalIntegerJS" enabled="false" level="WARNING" enabled_by_default="false" />
  <inspection_tool class="PackageJsonMismatchedDependency" enabled="false" level="WARNING" enabled_by_default="false" />
  <inspection_tool class="PgSelectFromProcedureInspection" enabled="false" level="WARNING" enabled_by_default="false" />
  <inspection_tool class="PhingDomInspection" enabled="false" level="ERROR" enabled_by_default="false" />
  <inspection_tool class="PhpAssignmentReplaceableWithOperatorAssignmentInspection" enabled="false" level="INFORMATION" enabled_by_default="false" />
  <inspection_tool class="PhpAssignmentReplaceableWithPrefixExpressionInspection" enabled="false" level="INFORMATION" enabled_by_default="false" />
  <inspection_tool class="PhpCSValidationInspection" enabled="false" level="WEAK WARNING" enabled_by_default="false">
    <option name="EXTENSIONS" value="php,js,css,inc" />
  </inspection_tool>
  <inspection_tool class="PhpClassNamingConventionInspection" enabled="true" level="WARNING" enabled_by_default="true">
    <option name="m_minLength" value="2" />
    <option name="m_maxLength" value="0" />
  </inspection_tool>
  <inspection_tool class="PhpComposerExtensionStubsInspection" enabled="false" level="WARNING" enabled_by_default="false" />
  <inspection_tool class="PhpConstantNamingConventionInspection" enabled="true" level="WARNING" enabled_by_default="true">
    <option name="m_minLength" value="2" />
    <option name="m_maxLength" value="0" />
  </inspection_tool>
  <inspection_tool class="PhpDivisionByZeroInspection" enabled="true" level="WARNING" enabled_by_default="true" />
  <inspection_tool class="PhpFullyQualifiedNameUsageInspection" enabled="true" level="WEAK WARNING" enabled_by_default="true" />
  <inspection_tool class="PhpFunctionNamingConventionInspection" enabled="true" level="WARNING" enabled_by_default="true">
    <option name="m_regex" value="[_a-z][_A-Za-z\d]*" />
    <option name="m_minLength" value="2" />
    <option name="m_maxLength" value="0" />
  </inspection_tool>
  <inspection_tool class="PhpIllegalArrayKeyTypeInspection" enabled="false" level="WARNING" enabled_by_default="false" />
  <inspection_tool class="PhpIllegalPsrClassPathInspection" enabled="true" level="WARNING" enabled_by_default="true" />
  <inspection_tool class="PhpIllegalStringOffsetInspection" enabled="false" level="WARNING" enabled_by_default="false" />
  <inspection_tool class="PhpIncompatibleReturnTypeInspection" enabled="false" level="WARNING" enabled_by_default="false" />
  <inspection_tool class="PhpInconsistentReturnPointsInspection" enabled="false" level="WARNING" enabled_by_default="false" />
  <inspection_tool class="PhpMethodNamingConventionInspection" enabled="true" level="WARNING" enabled_by_default="true">
    <option name="m_regex" value="[_a-z][A-Za-z\d]*" />
    <option name="m_minLength" value="2" />
    <option name="m_maxLength" value="0" />
  </inspection_tool>
  <inspection_tool class="PhpMethodParametersCountMismatchInspection" enabled="false" level="WARNING" enabled_by_default="false" />
  <inspection_tool class="PhpMissingDocCommentInspection" enabled="true" level="WARNING" enabled_by_default="true" />
  <inspection_tool class="PhpMissingParentCallCommonInspection" enabled="true" level="WEAK WARNING" enabled_by_default="true" />
  <inspection_tool class="PhpMissingParentCallMagicInspection" enabled="true" level="WARNING" enabled_by_default="true" />
  <inspection_tool class="PhpMultipleClassesDeclarationsInOneFile" enabled="true" level="WARNING" enabled_by_default="true" />
  <inspection_tool class="PhpNonCanonicalElementsOrderInspection" enabled="true" level="WEAK WARNING" enabled_by_default="true" />
  <inspection_tool class="PhpParamsInspection" enabled="false" level="WARNING" enabled_by_default="false" />
  <inspection_tool class="PhpPropertyNamingConventionInspection" enabled="true" level="WARNING" enabled_by_default="true">
    <option name="m_regex" value="[_a-z][_a-z\d]*" />
    <option name="m_minLength" value="2" />
    <option name="m_maxLength" value="0" />
  </inspection_tool>
  <inspection_tool class="PhpRedundantCatchClauseInspection" enabled="false" level="WARNING" enabled_by_default="false" />
  <inspection_tool class="PhpShortOpenTagInspection" enabled="true" level="WARNING" enabled_by_default="true" />
  <inspection_tool class="PhpStaticAsDynamicMethodCallInspection" enabled="true" level="WEAK WARNING" enabled_by_default="true" />
  <inspection_tool class="PhpStrictTypeCheckingInspection" enabled="false" level="ERROR" enabled_by_default="false" />
  <inspection_tool class="PhpToStringImplementationInspection" enabled="false" level="WARNING" enabled_by_default="false" />
  <inspection_tool class="PhpToStringReturnInspection" enabled="false" level="ERROR" enabled_by_default="false" />
  <inspection_tool class="PhpTraditionalSyntaxArrayLiteralInspection" enabled="true" level="WARNING" enabled_by_default="true" />
  <inspection_tool class="PhpUndefinedCallbackInspection" enabled="true" level="WARNING" enabled_by_default="true" />
  <inspection_tool class="PhpUnhandledExceptionInspection" enabled="false" level="WARNING" enabled_by_default="false" />
  <inspection_tool class="PhpUnitCoversFunctionWithoutScopeResolutionOperatorInspection" enabled="false" level="WARNING" enabled_by_default="false" />
  <inspection_tool class="PhpUnitMissingTargetForTestInspection" enabled="false" level="INFORMATION" enabled_by_default="false" />
  <inspection_tool class="PhpUnitUndefinedDataProviderInspection" enabled="false" level="WARNING" enabled_by_default="false" />
  <inspection_tool class="PhpUnreachableStatementInspection" enabled="false" level="WARNING" enabled_by_default="false" />
  <inspection_tool class="PhpVariableNamingConventionInspection" enabled="true" level="WARNING" enabled_by_default="true">
    <option name="m_minLength" value="2" />
    <option name="m_maxLength" value="0" />
  </inspection_tool>
  <inspection_tool class="PhpVariableVariableInspection" enabled="true" level="WEAK WARNING" enabled_by_default="true" />
  <inspection_tool class="PhpWrongCatchClausesOrderInspection" enabled="false" level="WARNING" enabled_by_default="false" />
  <inspection_tool class="PhpWrongForeachArgumentTypeInspection" enabled="false" level="WARNING" enabled_by_default="false" />
  <inspection_tool class="PointlessArithmeticExpressionJS" enabled="false" level="WARNING" enabled_by_default="false" />
  <inspection_tool class="PointlessBooleanExpressionJS" enabled="false" level="WARNING" enabled_by_default="false" />
  <inspection_tool class="RedundantSuppression" enabled="false" level="WARNING" enabled_by_default="false" />
  <inspection_tool class="RedundantTypeConversion" enabled="false" level="WARNING" enabled_by_default="false">
    <option name="CHECK_ANY" value="false" />
  </inspection_tool>
  <inspection_tool class="RegExpDuplicateAlternationBranch" enabled="false" level="WARNING" enabled_by_default="false" />
  <inspection_tool class="RegExpEmptyAlternationBranch" enabled="false" level="WARNING" enabled_by_default="false" />
  <inspection_tool class="RegExpEscapedMetaCharacter" enabled="false" level="INFORMATION" enabled_by_default="false" />
  <inspection_tool class="RegExpOctalEscape" enabled="false" level="INFORMATION" enabled_by_default="false" />
  <inspection_tool class="RegExpRedundantEscape" enabled="false" level="WARNING" enabled_by_default="false" />
  <inspection_tool class="RegExpRepeatedSpace" enabled="false" level="WARNING" enabled_by_default="false" />
  <inspection_tool class="RegExpSingleCharAlternation" enabled="false" level="WARNING" enabled_by_default="false" />
  <inspection_tool class="RegExpUnexpectedAnchor" enabled="false" level="WARNING" enabled_by_default="false" />
  <inspection_tool class="RequiredAttributes" enabled="false" level="WARNING" enabled_by_default="false">
    <option name="myAdditionalRequiredHtmlAttributes" value="" />
  </inspection_tool>
  <inspection_tool class="ReservedWordUsedAsNameJS" enabled="false" level="WARNING" enabled_by_default="false" />
  <inspection_tool class="ReturnFromFinallyBlockJS" enabled="false" level="WARNING" enabled_by_default="false" />
  <inspection_tool class="SassScssResolvedByNameOnly" enabled="false" level="WEAK WARNING" enabled_by_default="false" />
  <inspection_tool class="SassScssUnresolvedMixin" enabled="false" level="WARNING" enabled_by_default="false" />
  <inspection_tool class="SassScssUnresolvedPlaceholderSelector" enabled="false" level="WARNING" enabled_by_default="false" />
  <inspection_tool class="SassScssUnresolvedVariable" enabled="false" level="WARNING" enabled_by_default="false" />
  <inspection_tool class="ShiftOutOfRangeJS" enabled="false" level="WARNING" enabled_by_default="false" />
  <inspection_tool class="SillyAssignmentJS" enabled="false" level="WARNING" enabled_by_default="false" />
  <inspection_tool class="SpellCheckingInspection" enabled="false" level="TYPO" enabled_by_default="false">
    <option name="processCode" value="true" />
    <option name="processLiterals" value="true" />
    <option name="processComments" value="true" />
  </inspection_tool>
  <inspection_tool class="SqlAddNotNullColumnInspection" enabled="false" level="WARNING" enabled_by_default="false" />
  <inspection_tool class="SqlAmbiguousColumnInspection" enabled="false" level="WARNING" enabled_by_default="false" />
  <inspection_tool class="SqlAutoIncrementDuplicateInspection" enabled="false" level="WARNING" enabled_by_default="false" />
  <inspection_tool class="SqlCheckUsingColumnsInspection" enabled="false" level="WARNING" enabled_by_default="false" />
  <inspection_tool class="SqlConstantConditionInspection" enabled="false" level="WARNING" enabled_by_default="false" />
  <inspection_tool class="SqlDeprecateTypeInspection" enabled="false" level="WARNING" enabled_by_default="false" />
  <inspection_tool class="SqlDerivedTableAliasInspection" enabled="false" level="WARNING" enabled_by_default="false" />
  <inspection_tool class="SqlDialectInspection" enabled="false" level="WARNING" enabled_by_default="false" />
  <inspection_tool class="SqlDropIndexedColumnInspection" enabled="false" level="WARNING" enabled_by_default="false" />
  <inspection_tool class="SqlIdentifierInspection" enabled="false" level="WARNING" enabled_by_default="false" />
  <inspection_tool class="SqlInsertValuesInspection" enabled="false" level="WARNING" enabled_by_default="false" />
  <inspection_tool class="SqlJoinWithoutOnInspection" enabled="false" level="WARNING" enabled_by_default="false" />
  <inspection_tool class="SqlNoDataSourceInspection" enabled="false" level="WARNING" enabled_by_default="false" />
  <inspection_tool class="SqlNullComparisonInspection" enabled="false" level="WARNING" enabled_by_default="false" />
  <inspection_tool class="SqlResolveInspection" enabled="false" level="WARNING" enabled_by_default="false" />
  <inspection_tool class="SqlShouldBeInGroupByInspection" enabled="false" level="WARNING" enabled_by_default="false" />
  <inspection_tool class="SqlSideEffectsInspection" enabled="false" level="WARNING" enabled_by_default="false" />
  <inspection_tool class="SqlSignatureInspection" enabled="false" level="WARNING" enabled_by_default="false" />
  <inspection_tool class="SqlStorageInspection" enabled="false" level="WARNING" enabled_by_default="false" />
  <inspection_tool class="SqlTypeInspection" enabled="false" level="WARNING" enabled_by_default="false" />
  <inspection_tool class="SqlUnreachableCodeInspection" enabled="false" level="WARNING" enabled_by_default="false" />
  <inspection_tool class="SqlUnusedSubqueryItemInspection" enabled="false" level="WARNING" enabled_by_default="false" />
  <inspection_tool class="SqlUnusedVariableInspection" enabled="false" level="WARNING" enabled_by_default="false" />
  <inspection_tool class="SqlWithoutWhereInspection" enabled="false" level="WARNING" enabled_by_default="false" />
  <inspection_tool class="SuspiciousTypeOfGuard" enabled="false" level="WARNING" enabled_by_default="false" />
  <inspection_tool class="SyntaxError" enabled="false" level="ERROR" enabled_by_default="false" />
  <inspection_tool class="TaskProblemsInspection" enabled="false" level="WEAK WARNING" enabled_by_default="false" />
  <inspection_tool class="ThisExpressionReferencesGlobalObjectJS" enabled="false" level="WARNING" enabled_by_default="false" />
  <inspection_tool class="ThrowFromFinallyBlockJS" enabled="false" level="WARNING" enabled_by_default="false" />
  <inspection_tool class="TrivialConditionalJS" enabled="false" level="WARNING" enabled_by_default="false" />
  <inspection_tool class="TrivialIfJS" enabled="false" level="WARNING" enabled_by_default="false" />
  <inspection_tool class="TypeScriptAbstractClassConstructorCanBeMadeProtected" enabled="false" level="WEAK WARNING" enabled_by_default="false" />
  <inspection_tool class="TypeScriptAccessibilityCheck" enabled="false" level="WEAK WARNING" enabled_by_default="false" />
  <inspection_tool class="TypeScriptCheckImport" enabled="false" level="ERROR" enabled_by_default="false" />
  <inspection_tool class="TypeScriptConfig" enabled="false" level="WARNING" enabled_by_default="false" />
  <inspection_tool class="TypeScriptFieldCanBeMadeReadonly" enabled="false" level="WEAK WARNING" enabled_by_default="false" />
  <inspection_tool class="TypeScriptMissingAugmentationImport" enabled="false" level="INFORMATION" enabled_by_default="false" />
  <inspection_tool class="TypeScriptPreferShortImport" enabled="false" level="WARNING" enabled_by_default="false" />
  <inspection_tool class="TypeScriptSuspiciousConstructorParameterAssignment" enabled="false" level="WARNING" enabled_by_default="false" />
  <inspection_tool class="TypeScriptUMDGlobal" enabled="false" level="WEAK WARNING" enabled_by_default="false" />
  <inspection_tool class="TypeScriptUnresolvedFunction" enabled="false" level="WEAK WARNING" enabled_by_default="false" />
  <inspection_tool class="TypeScriptUnresolvedVariable" enabled="false" level="WEAK WARNING" enabled_by_default="false" />
  <inspection_tool class="TypeScriptValidateJSTypes" enabled="false" level="WEAK WARNING" enabled_by_default="false" />
  <inspection_tool class="TypeScriptValidateTypes" enabled="false" level="ERROR" enabled_by_default="false" />
  <inspection_tool class="TypescriptExplicitMemberType" enabled="false" level="INFORMATION" enabled_by_default="false" />
  <inspection_tool class="UnnecessaryContinueJS" enabled="false" level="WARNING" enabled_by_default="false" />
  <inspection_tool class="UnnecessaryLabelJS" enabled="false" level="WARNING" enabled_by_default="false" />
  <inspection_tool class="UnnecessaryLabelOnBreakStatementJS" enabled="false" level="WARNING" enabled_by_default="false" />
  <inspection_tool class="UnnecessaryLabelOnContinueStatementJS" enabled="false" level="WARNING" enabled_by_default="false" />
  <inspection_tool class="UnnecessaryLocalVariableJS" enabled="false" level="WARNING" enabled_by_default="false">
    <option name="m_ignoreImmediatelyReturnedVariables" value="false" />
    <option name="m_ignoreAnnotatedVariables" value="false" />
  </inspection_tool>
  <inspection_tool class="UnnecessaryReturnJS" enabled="false" level="WARNING" enabled_by_default="false" />
  <inspection_tool class="UnreachableCodeJS" enabled="false" level="WARNING" enabled_by_default="false" />
  <inspection_tool class="UnresolvedReference" enabled="false" level="ERROR" enabled_by_default="false" />
  <inspection_tool class="UnterminatedStatementJS" enabled="false" level="WARNING" enabled_by_default="false">
    <option name="ignoreSemicolonAtEndOfBlock" value="true" />
  </inspection_tool>
  <inspection_tool class="ViewMissedPhpDocInspection" enabled="true" level="WARNING" enabled_by_default="true" />
  <inspection_tool class="VueDataFunction" enabled="false" level="WARNING" enabled_by_default="false" />
  <inspection_tool class="VueDuplicateTag" enabled="false" level="WARNING" enabled_by_default="false" />
  <inspection_tool class="WebpackConfigHighlighting" enabled="false" level="WARNING" enabled_by_default="false" />
  <inspection_tool class="WithStatementJS" enabled="false" level="WARNING" enabled_by_default="false" />
  <inspection_tool class="XmlDefaultAttributeValue" enabled="false" level="WARNING" enabled_by_default="false" />
  <inspection_tool class="XmlDeprecatedElement" enabled="false" level="WARNING" enabled_by_default="false" />
  <inspection_tool class="XmlDuplicatedId" enabled="false" level="ERROR" enabled_by_default="false" />
  <inspection_tool class="XmlHighlighting" enabled="false" level="ERROR" enabled_by_default="false" />
  <inspection_tool class="XmlInvalidId" enabled="false" level="ERROR" enabled_by_default="false" />
  <inspection_tool class="XmlPathReference" enabled="false" level="ERROR" enabled_by_default="false" />
  <inspection_tool class="XmlUnboundNsPrefix" enabled="false" level="WARNING" enabled_by_default="false" />
  <inspection_tool class="XmlUnusedNamespaceDeclaration" enabled="false" level="WARNING" enabled_by_default="false" />
  <inspection_tool class="XmlWrongRootElement" enabled="false" level="ERROR" enabled_by_default="false" />
  <inspection_tool class="XsltDeclarations" enabled="false" level="ERROR" enabled_by_default="false" />
  <inspection_tool class="XsltTemplateInvocation" enabled="false" level="ERROR" enabled_by_default="false" />
  <inspection_tool class="XsltUnusedDeclaration" enabled="false" level="WARNING" enabled_by_default="false" />
  <inspection_tool class="XsltVariableShadowing" enabled="false" level="WARNING" enabled_by_default="false" />
  <inspection_tool class="YAMLDuplicatedKeys" enabled="false" level="ERROR" enabled_by_default="false" />
  <inspection_tool class="YAMLRecursiveAlias" enabled="false" level="ERROR" enabled_by_default="false" />
  <inspection_tool class="YAMLSchemaValidation" enabled="false" level="WARNING" enabled_by_default="false" />
  <inspection_tool class="YAMLUnresolvedAlias" enabled="false" level="ERROR" enabled_by_default="false" />
  <inspection_tool class="YAMLUnusedAnchor" enabled="false" level="WARNING" enabled_by_default="false" />
</profile>